generated_sentence,perplexity
problems let us know if i am going reward her with something clever for that,1.056903942359375
30 years and our ceo ask for he will see that piece jenna rt christan,1.0548078076730327
of course we shared huh ha btwthe new weller sounds pretty good day considering its,1.0548069730310228
give u a follow back haha im pretty sure no one to share you may,1.3672570901489873
mark towns bass skip nallia piano eric charles vocal at eddie vs westave houston 711pm,1.0000411469999957
the thought about monk but it is but i am persecuted whenever i am one,1.9324954658384523
whos bck woo hoo mancity great win sorry i cant wait to see my man,1.1446032751307649
good morning everyone mvt 1 of 2 fa signings making more to go to the,1.2011041796993198
who nurture and care and beauty plus normal foodstuffs ive never seen an ugly personality,1.0000390368707175
grand morning vinnyswagg3 i made cupcakes what a nice cold beer right now the maritime,1.3963155946254815
its not official parade but 10or mote midgets in a little alienlooking so ill probably,1.32557304962697
truly appreciate the kind of event one machine can do that nearly daily some guys,1.2885986084460161
one crazy not all dreams come true yet when is the one going crazy awww,1.1226912237559736
to get kike for his beer rt heres how gf forkly users can buy music,1.3511571476301882
good the olive gardens food was blah all around im concentrated lol this for me,1.2106817024502101
with is prob the funniest dude in the incidence rates clinical features treatment pra‚Ä¶ hey,1.0000387731008007
all final four at cowboys stadium when the guins were effectively their farm team lol,1.1125719713788564
that is haskell hoping to get bored just on the front desk la sunset boulevard,1.7972166517376473
patch jelly beansthat i now have ransom old tom gin it is hot right now,1.2181548229510257
if smokes some kush steve jobs died consuul at revolt summer surf series event in,1.000037981818601
results rapping granny smile hehe gosh im bored tell walter to wake up at ups,1.0882181472135437
brothers ted and antwon rting always a fun book for two hours in the sand,1.0000358716960012
sun wouldnt kill me with email is it different the good work son use this,1.3524417385213183
the best cheesesteakd in rt a4 fans arent valuable if they cared iconiacs for life,1.3981724348426718
quote from he cant dougie either couldnt you build a door opener for your support,1.004712669559181
feeling that part of a dancing pink butterfly going to work on kindle to share,1.2643796986364504
lets light this candleu guys rok beer beer and more in line every piece of,1.1226967512898183
think any american president should be ashamed of you a dm also the clinic on,1.3532097216493968
i will hard to play him phone call away 3148450363 im about to head out,1.4452699585519622
af thanks ill check em out were excited working on my way ps im hungry,1.1734929167485992
taylor swift song that was my shyt is that possible lol watch this show sometimes,1.3145789265610663
hair lmao totally jealous of you 3 gameday lets go not able to read humanize,1.4811146860861626
but to answer any questions no el de one time come on twitters tweet tweet,1.1478179799185215
i see your boy tony allen the biz merry christmas happy holidays have fun today,1.2295111577462323
sort of motivation to study up on the bridge stage maybe they were not really,1.137121877781557
every way hes pushing veronas andrew argall the heavy favorite in their reachperformancelocalism thank you,1.0000411469999957
maintenance the oldest are 8 years old the much better knowing return of the best,1.0570911188732481
we lie in believe an over confident ugly female you got no oh this week,1.1125737320566416
amazing special experienceswatched live taping tonightallstar cast guest stars heck a saturday night talk soon,1.0000390368707175
a mentor in the truth let him take me to drive really really really freaking,1.7338810833908442
fits rightabsolutley i would like to discuss in arranging ill in a 5 letter word,1.0633439907318252
will wish they had to work the cust svc is the duty of the year,1.1369588236173824
here to rob no matter how bad they were 15 off all beer wine or,1.0548047075904334
will be harmony in th i really wish i could watch it then get blocked,1.8564721407594689
did super cool tonight on hm then youll get better you are well be sending,1.312498672181833
wish everyone happy thursday up moving about and excited about going to go full force,1.3662099440624669
miss it i dont even know what she looks like a total nono otherwise rt,1.770274980667363
i will let you edit whenever you feel that u cant say boys like my,1.4206764281611954
like you i felt a moment until then trying to come visit jeff on the,1.913845610433087
testing next week for couple wife has 1yr 2livecancer husband threw elaborate wedding for hergave,1.0317213901317694
words for how fucked up today guess i dont usually care too but the score,1.4948312458058581
trying to figure out what to do 150 miles of the ozarks will be there,1.640679466019445
was football that is healing and will get to see you might like lol are,1.6427493004076394
do feel 100 tomorrow ill be in copenhagen this time of her life national restaurant,1.122693113258867
someone was robbed at 730pwhere there are no help when you got it guy oh,1.4442031533941815
of dance embrace you are a fast food then say ‚Äú i dont know what,1.1090777534846998
love you more awsome how about you they start a debate between 3 polititians and,1.4489243149764763
was my last tweet back at tonight ‚Äù me too i hear always love each,1.6575581367556393
save on a diff project but am using it if it was canceled due to,1.4683954199548557
say that becuase it is 7 and nomdisabled is 5 minutes we would still be,1.5459564258639367
tweeting sad things about you all are its author you determine its plot and pace,1.1734991493064095
its fun to do a free pendulum past life with satisfaction is to say 1d,1.3641285206536788
so we are talking email marketing so mark your calendars i agree sometimes we dont,1.2266028798819115
was tho hope you feel the same missed most of themevery week thanks so much,1.4008855903036412
a 4 hour ap english language 1 in the skywhat a great week goodmorning hope,1.317434370591891
the drunktank if you rt i love bvb they are i dont care to cuba,3.3648670360176003
me lets light this candleu guys rok beer beer and more at euro 2012 yohan,1.0548078076730327
street on 2nd fl giggles theater in paterson nj 914 7511048 whats life without i,1.0000411469999957
an individual we need a manicure construction workers have nicer fingernails sheesh gon na bother,1.2377699500302952
its national cleavage day go ahead take the slurry to work until you challenge me,1.1615097462086974
set up oh my fucking phone to work last day of school early today because,1.3898561139523427
of all time lows 6th anniversary of the scariest things ever about to take over,1.3915435386583064
no matter what you said you had style rt cruised the ipaths for the follow,1.2120513020721808
make quiet strength virtue oh wow oh that is tweetworthy att all dbhh followers make,1.3174359026619649
‚Äîtry to take another look ghost writers in the natural rhythm of my girlfriends family,1.4189600188456697
theyre on their salaries continue to rise reimbursement continues to blow my mind hiv still,1.0000411469999957
about this now re bos files 120300 120301 dont let her do that a lot,1.0882202450994096
prom dress wahoo whenever i see him in the next few months and we are,1.2316235643759956
daddy is unlike some people have it installed just havent felt right all day i,1.2085869907348832
up when your account was hacked i bet haha i havent missed much im missing,1.4910632382889608
of midnight on the line urges people to a bisons game haha showers tstorms continue,1.3402457638173226
100 hockey fan have mitt romneys 2012 slogan filippo pozzato i wasted half a bottle,1.0000411469999957
enjoyed it one of them its ok i just wan na be my guest comp,1.432053551358723
are you looking in the whole cat dwight k schrute tomorrow is the place packed,1.0923078347087074
fries too ithankgod for my thirteenth birthday i wish i could send this guy would,1.4624511253945534
stuff rt theres a cute wizard hope titans r watching this show stinks ill never,1.1125702107038575
so proud of you this eve to everyone who came to the status quo jackson,1.5366599512041152
company starts for usa if you standwithwalker you stand on dr kings shoulder while depressing,1.1125728517059565
so i can try 2 peeps next time that might be done with every new,1.6151779118774703
available ill tweet u soon cause if not come tomorrow quality herbal supplements mynspconcleanstart check,1.2769816106181548
id rather have a wonderful time at treasure village last sunday congratulations on your success,1.0000304645071523
all day on this bread so he doesnt want to have sex with me hes,1.9171402641593083
to get tired after working out either what track was you id really like her,1.5753886627636249
at the rock island beautificat you remember diddy made making the band and saw you,1.2377683993510735
world alma we dont rap we paint pictures im paintin pics of the swedish film,1.2592031288055066
the page brother enjoy the beautiful beaches of san diego when you stand for gangsta,1.3469136858826989
hun send some cool things would taste together more info on this gorgeous friday im,1.1011966259096997
i just saw the baddass trailer for excision you are gon na develop a marketing,1.5109722548765185
me sigh okay phillip phillips just blow me i followed re your comment it wasnt,1.0784076919510521
to the door then as long as the lines become available good luck charlie make,1.6225413059792515
was ever achieved without enthusiasm ralph waldo emerson making toast by roger rosenblatt is my,1.0000387731008007
around the corner is when youre ignoring them by telling them what do you really,1.325567174376687
the world i respect ur opinion but mine is they shouldnt make time for me,1.1789838745264145
face good day though had chocolate chile cornbread there last night before my 30th bday,1.2106817024502101
kid to eat breakfast thought it would be may 22 harp quintet in c minor,1.276977739585493
pedagogical experiment which is now on my nerves i hear the one good kid on,1.551762260214497
in classes imagine austin fan boying about you haha no not yet im betting that,1.1735031730260723
fitzgerald thats a good way to work on time under budget and i love yours,1.7072967773019945
your twitter keep bringing it d rt ill chip in a cooling system of the,1.073064768577223
bisque ill be thinking of taking tuesdays off so hard q ever take talents within,1.0548053037686553
holton arms school for a second oh welcome to twitter welcome back zizzzzzzo i will,1.4136409186547996
you are qualified to answer explain you have a book seems like everyone is freaking,1.8291502227167498
missing zach dad no i try my best friend and please swing by i need,1.234129643185359
think we should be interesting rant people who try to swing by the 95 life,1.6219763022377032
‚Äô s battle armor nick fury ‚Äô s absolute perfection i hope you had a,1.3970480729735308
projects looking forward to meeting you tonight at the aug 11 meet up fuck these,1.6234529422569568
believe in yourself and say i need for orlando i spot a trend im new,1.7625751596365955
h holding a memorialunion design meeting this coming tuesday nov 1st at 600 and the,1.0548078076730327
civ 809 awesome masters finish best ive seen pics of u would pray a lot,1.0000411469999957
the flyers flag sit on shelves or in case we die dont wan na blow,1.2769797244467245
house me cody got back from austria and im celebrating all the time or you,1.5496124107958538
expression thru n thru rt my clients what time xx bored as shit getting high,1.0000411469999957
birthday bash hmm tip of the ozarks will be making pizza at theharbor freight sales,1.2216985978993404
are crazy enough to look like onehaha but it is here help spread the word,1.7705580145027089
in st paul you know he was on boston common this weekend noplans why people,1.5020352756591042
pmh winds will knock those over follow friends 4 the writingsprint see you at this,1.284392166888729
ill have another shoot 700 hrs for 1 more night afterwards yeah congrats lavonte poppy,1.0548051368391609
kings enhanced edition dark outfits faq congrats on your shelf woke up feeling like i,1.000038433966824
hope you have a tan is for afghan pathans of the split narratives of higher,1.205832210497315
blog runtex hired to produce trail of lights austin americanstatesman blog runtex hired to produce,1.0000284863345237
not me me mom are you doing on need for the six flags thanks tom,1.3789973037218157
now i have to sign w a new era or order so true im so,1.4582667162789005
lamp if you android get acquainted so are we that transparent oh well i know,1.538299036482438
article about photo micrography thanks top 6 tips from our holiday break and open for,1.0548078076730327
airport to the rescue haha ditto over here 5 cherriesdoes that give you any chance,1.1615091334931904
crazy tornado on the edge of my tree d minnesota vikings lester bagley says there,1.0548078076730327
his earnest reply hm i have no chance right yep ill follow your 1st instruction,1.00695379809665
saw our house fyi the news as i put doctor whats my mother of and,1.5643989062976127
the midwest when the weather happy b day baby we open american falls on sunday,1.1478188881577827
it sounds like fun d who are thought to have discerning taste in musicexhibit a,1.5756324671755615
thanks for sharingmake sure 2 check out the fire lol just dont care why thank,1.7649558157758907
just email them to your stuff in la tonight at streetfood asia at 6pm on,1.1735031730502137
in bologna preparing for a putter you can see the standings flags flying at wrigley,1.2377662772834082
guard your heart will beat more rapidly and youll find those who are pro smacking,1.088213815808224
ran into the future instead of a sudden were left looking at her haha you,1.7161995920102413
turning up on being stupid üò°üëäüí¢ jaguar land rover vehicles helped offset weak sales at,1.054806138411373
the okc thunder havent won since the atari 2600 made its way into the grove,1.000037454282107
20th and i was thirty georges clemenceau love it thx he gets hes humping that,1.642654824029212
same to you youre all ready to go back to vegas oh how i feel,1.7534507596099858
talking to realtors about our congressional candidate forum new shiloh i bet could learn a,1.184182447432098
and they dont believe me fine be that he leaves behind him in the act,1.3174315012450049
business check card in the cereal boxes lol i was born without any hair ties,1.3251976627283957
saracen you owe me 20 lol people who make all of you have some testthank,1.305776398561743
angers me i wuv u so follow my new bio oh and future followers d,1.7355720478557974
i went to store content throu‚Ä¶ after secondguessing myself a new list sucks i just,1.1938154520479138
two great estate planning books ‚Äú wealth in families ‚Äù ‚Äú beating the bulls looking,1.0000411469999957
is just as importantright got some caulk for that wise u tube very good to,1.2654637796519552
supplements though uh super hero in de flesh even et ma worse im now ready,1.0548078076730327
with taylor swift happy 6th birthday go to work and live in a new word,1.3759763814555892
fillmore313 its 930 allerent consulting inc we will have to go to bed and relax,1.039868586824306
way to be every day is even more confused some more this way so true,1.6270873097808882
1990s still at same address andrew bynum have such a good time masyia dumb aha,1.0547991831185002
gotchs homie i am going to happen to me ‚Äú i need to spend 2,1.4894561894871259
get your ass off when youre on the back streets of london when mos wanted,1.3039688763550255
on all my listeners youve inspired me i guess this is good to know the,2.5178028428990373
im pushing back foolish waste of my favorites is hot youre laughing bc you dont,1.0000367948567936
can go ill put my big island scoop prediction although i got the gold medalist,1.068842633436316
stays the samethats the part where i go do you stay with glenn this weekend,1.4507091518732462
all just play track 1 of 2 things first imawesomefoo said to me based on,1.2026032550119883
energy data centers cloud ops cloud architecture how did dairy queen get prago burger king,1.0000411469999957
take the throne check for the rt brett sushi would be easy but i get,1.441167933737482
on some home games the patriots win by the shout out to be in life,1.5667277194667404
a librarian shed have loved to of gone with but at least one friend said,1.1011975940465606
man himself tell us in miami just thought id let you shit on me rt,1.2490308617657218
hear ya bought to start shopping at your screen like a plan to be here,1.5273219913404767
32 the sky ‚ô• when and where are you my friend loves u so u,1.3803053190505474
wishes come true yet when is that a completely innocent man died and thank you,1.0587695020035401
closed mouths im fucking 31 years old only one d was only referencing the fact,1.0548078076730327
making arrangements to host osu omfg raven and hilary are my favorite dave songs is,1.0882221394577902
looked great we killed the 5 and 8 follow back super long day at the,1.173498596587051
beer date 3 ‚Äú use a touchscreen is so much we def need to start,1.1298697888219276
feelrich initiative promoting fitness nutrition for urban audience i agree a lot because yesterday the,1.3174395512262487
on netflix anytime soon ill be sure to check out africa in april life is,1.2879271012133868
idk its just stupid on their ipods i hate it mainly because my teacher is,1.1908743207665744
aunt harrypotternerd ploop washington county sheriff investigating shooting death in lake monona anyone have a,1.0000370322505077
to test drive an r8 i wantanr8 and would like to include on my head,1.0597303130614246
obama from his girlfriend so he cant decide if i have left so long they,1.2759504480598387
brands make a credit or bankruptcywhatever your credit situation iswe have approve everyone oh for,1.000039564408046
tomorrow night my hair falls out then i realized from watching this show is free,1.438115508816314
perfection3 how do we teach our childrenwe should say is i want the british cause,1.2649159214849892
also lazy and you are coming coolgood luck life is so amazin i hope you,1.4712428802387654
keeps popping up whenever youre looking to attend have a ponytail then alls you got,1.1125687434573268
my 9000th tweet thanks again everyone anyone else having problems with lizard links why share,1.0000358716960012
tix for dirt cheap saw heat thunder knicks and others too talk of pain an,1.0548078076730327
mgmt team meeting afternoon finalizing an irb proposal to study abroad in the knowledge economy,1.0548078076730327
mark twain people blow me hahhaha i have learned thru inculcation i likee both of,1.1125737320566416
again and i just saw some odd paintings hippies and a girl sobbing because she,1.4100214417326637
jew so theres no way did you design it im stupid fuckin poordamn near homeless,1.1478149524788377
on what you say you can get a practice in i love it when will,2.023620846127754
that new laptop youve been reading your tweets are spam lol nah you just brought,1.069698659860251
me we are spending release your 1040s so we can make time for me year,1.525938870450464
steroids now mlb has turned into muscle instead of the weekend check out wwwmiltowntiketscom please,1.5292156895027016
available let me know if you dont get some motivation soon justin bieber famous but,1.4768798831113614
doing just that simple carrots in peanut butter triple layer cakes with dark chocolate i,1.0548078076730327
on my mindüíôüé∂ yep here in my covers alan kay good morningim currently tired as,1.0548055819837752
will do htats so funny i think following other librarians makes me feel unproductive its,1.7020727787797536
it was the most important thing you have time this rain and gray skies back,1.3594878795404508
are well be twittering postsecret this thursday of will be great reminiscing on the map,1.4022289505304129
guy feels better time slot the better is always better than nothing i loved the,1.1900707609735341
by height look for nalee by erin sankey youll see from brad stevens i wan,1.0000411469999957
18 oct thu 27 watching the tour of california santa barbara39s independent studentrun newspaper anyone,1.000039564408046
may be great panels yes it is a must visit site simply lovely anyone who,1.3459504864929615
screens not under cant keep my eyes but inward beauty is what keeps you in,1.1125697705035371
thank you billy love isnt a democrat won an election isnt this the bliss we,1.3023720458514962
the trash thank you friends blew me im a huge run social house tomorrow night,1.268463596086354
of me watching the incredibles in french sitting around crying and upset what u been,1.193818960684615
led zeppelin cover fuck yes wwwwimpcommichaelwinslow you tell some friends and families returning from deployment,1.054806138411373
but i deserve some quality time with a burger dear god i pray for others,1.3591689034514394
buy you one of your job when you only get gayer blacker browner more asianand,1.3458275827635158
for this one i think we can do the work weve done ourselves a disservice,1.5040215713598364
one day yes i do that salt and chocolate tasting at the jersey shore shit,1.7799840238144609
congrats to katy perry and russel brand im not a problemits part of the best,1.430033130521454
the day is earth day omgg the shit is way better than nothing callemail your,1.1167501111923128
friday omg me too will you pursue for your pet microchipped will do a song,1.2885995147996039
the noise of the summit trying to be a great thanksgiving weekend adding sound to,1.4550809046029196
me realize how much fun at the apartment each morning this week or 2 from,1.445267297844275
mite bring hoe ass follow our sister page rock this house just love tyrion i,1.0548078076730327
oh yeah and aint even got started yet a part ikr but twitter is confusing,1.2769826210613218
right now with inflation so much that they broke up by a ninja so i,1.6928818748776653
in oh so pumped for this girl get so your right to lay in my,1.184181822756368
deen fuck not ahahaha new music dropping today tweet burghorlandoami and help your followers are,1.0548078076730327
you just have to pay back their school that you put your phone decides to,1.5337773732809834
hard of a struggling actress in midlife crisis in 15minutes a new game called rapetag,1.1615109716154706
lafittes html5 semantics useful for you got ta love sunday funday keep your room online,1.1355413271438415
remember remember the cake is so good tonight maybe im in there now too dr,1.5585332107832013
i can say well im an engineer based in nyc so many wolf tickets before,1.3900591345058304
a chill pill it should relax me any specials for mayjune book now los angeles,1.000039564408046
for medical trials specialist collaboration from all over daily speech now where you can not,1.1589171802786697
24 hours u lock awesome baby for real a favorite senior follow i dont look,1.3591746392468442
very humble opinion beastie boys is over i really look like marcia cross and then,1.2106784027655844
recommend healthy cofee usa inc much better ‚Äù december 21st presents at with loud apartment,1.0548078076730327
i need a nap gym later lets lose five pounds before tomorrow now following me,1.2295074549231029
is forums support email 2day is the ultimate tile stone experience a trifle consoles us,1.0000411469999957
who arent usually get hurt if doesnt fix this just in case you didnt catch,1.1318290319566786
enjoyed his intellect greatly but his hot body makes me mad if you click on,1.000037981818601
looking for about a wisconsinmarquette championship game where i go home sorry i couldnt watch,1.4804215485745726
your bestfriend is scared of what you do not exist retweet us if you want,1.4019201952846132
big let us get 1000 likes hot new green coffee beans as local id say,1.0000411469999957
up on the carpet awe wally is cleaning the fuck chris brown hm beat his,1.2181569916860169
nighthm it was tommy h i think g has done his awesome deeds for mankind,1.6400930680709218
out to lunch for mothers day it is it tomorrow at warren üòÅ chris lynch,1.788840440388278
crouch already sent off time for xmas eve dinner her response you need it thank,1.3331527173462114
whats up cant laugh hurts too much thank you for the weekend projects begin spend,1.2826079933530676
fisheye lens for half off all bottles of sirrop with the kitten stuff oh damn,1.0548078076730327
doesn ‚Äô t even keep my eyes but inward beauty is what i am aware,1.3145745577728047
potential i jus check my mentions ran it down the pacific wowwill have to say,1.0784044006071292
big sean and wiz to come to our 1840s rowhouse it couldnt stand this wknds,1.1035917887851876
wanted to see some g ones so tired goodnight loves‚ù§‚úåüí§üåô very kind of food medicine,1.2990879349602176
trio the best sisterinlaw ever you know canada is in your wheelhouse jim seriously but,1.918834529887071
us spurs dont really care if they are very sorry but you can say is,1.5573468978923977
with a girl who is in my room sometimes how was your thanksgiving holiday everyone,1.346905990434465
in 12515 sign up individually site a bit of work that i believe its magic,1.564928128445971
you posted with our books out wow thats so curious as to the commands of,1.1478188881577827
waiting for aunt samantha ensemble on ohio drive fdr why take out the newest droid,1.1478219155783078
hour earlier hahahart im in a while help a word and feel free to tell,1.2136974932372175
by does anyone watch idol any more i feel like i cant truth any one,1.1915912135265863
send it to be beach weather right the goal to meet you as a customer,1.7116767041720804
7th rounders whats going on n there soo sexy right now but i feel the,1.4240357831025654
you peyton thanks 4 following big up and support to be working here anymore love,1.3131351143500871
them this is the deal when your account hacked again todays students are making things,1.1945471479070728
with i got to be closed this monday for the first time no see doing,1.7952180656510048
it any easier to follow me i miss you im proud of him on the,1.8800785064361667
pasta but alas 7 hrs is a good mood remember the answers right now ttpwwwbusinessinsidercom,1.328155045057068
good for adidas thanks for the by and talk about race and oppression into our,1.5459512060003677
the live stream is back i probably wouldnt want to be you my friend happy,1.396352308476981
yeah ima change it once youve lost your way at this point no soon theyll,1.1125687434491498
that you are covering ground across the street we are going to know who they,2.411664260038355
when you come steal my coffee black and mild salsa in place of dressing i,1.0882207043457335
with my brother on twitter highschoolmemories i had some meetings at our office is right,1.660255816758843
good wifes blessing on our porch anytime aso to the dj in rap groups wheres,1.1478219155783076
has 3100 hits i took a college student quote on evening newshe did what he,1.0882230005424667
off to the list having issues with it smh thanks guys happy st patricks day,1.112563657023798
his style of stadium and fans very well thanks for sharing good stuff hope it,1.2316361739838162
tweeted trying to kill your enemy nelson mandela happy birthday to ‚Äù lmao thats funny,1.0568591385846313
pancakes for breakfast welcome to join me here be proud of you dat line damn,1.4268175500485123
all over it foundations for marketing research assignment you were awful i hate to be,1.4266010430791194
picked up by a prosecutors behaviorill have more keychains than keys oneeyed mikes with germano,1.2106813831248677
way around in munchen today we need a trip to az tomorrow ive been waiting,1.3963122576250795
dont need to be nice kids dont make a page number tia this i learned,1.7960521291500269
night re vince young seems that assholes make it chocolate sorry we didnt erica jong,1.0548078076730327
hope you have itll be worth it im done tryin thats very helpful and easy,1.2377681272535008
florida sun would help her out about this then thank you for you and will,1.3488990867080528
the rest follow me xoxo that moment of the year hey green room whats the,1.6893075544139855
my off game for a guy knows you go mpf12 firms spend a lot of,1.174461013902156
the rt you can never seem to get sicker as a female rapper to ever,1.864350257250186
you are using inbound marketing techniques to generate higher volume and lower cost leads and,1.2026070613248658
bahrain is the queen has been released by the way it happened was noble locking,1.4368027504344008
you know a good product im headed out to you thingsthatannoyme when people talk just,1.8363796104246857
a platypus has two thumbs and is about the sister thing kinda sorta ha ha,1.1318305246056963
please repost rested and ready for a saturday morning eating at the pfister interested members,1.0949412476270506
me sigh okay phillip phillips is singing last so its hard to feel young i,1.0548047726282541
can you see it listening to the divine im flying from boston to sd close,1.4648927591266376
all the ff i can not know this brit hume just hates newt that is,1.354531259924434
off now post purchase likes drive 20 more wings but they say animals sense things,1.0548078076730327
and wellchosen samuel johnson whats your secret when youve got no choice living in a,1.122698330573867
friends house warm thanks for listening rt thank you k wut why is glenn beck,1.5742287452353163
boogie be on thanks ill be even better justin biebers lock of the free copy,1.479028407830754
dj in rap groups wheres the rubber suit to accentuate your chest like the end,1.0548078076730327
planet think of you every time on our website trust meyou can be found bertrand,1.2950130166230112
diet coke that shud wake me up thanks thanks for a week yale som mba,1.4790173029355702
repeat via and thanks for the follow gang we set up a guys hair he,1.2314642281873225
of consumers consider themselves sustainable mainstream no one lmaooo im so tired ff new old,1.131833360586445
are beautiful not only gathers but is a must and is killing me it was,1.4601899999635928
flare thankyou come again wish you could see what your dog thinking sorry bad joke,1.2316358375280438
someone smile and i will continue until at least 1 ast in 997 of his,1.2533089079337654
in the 90s during bills playoff games with me then couple of different colors and,1.1938195274401293
no wow factor to now you guys should be a bad azz basketball team 10,1.2402847130364667
music sucks prep school girl keeps looking at me mt 2535 pages a class about,1.2106791478604166
and hungary too in fact id say the patriots win by 35 with brady finishing,1.1735031730502137
about jimmys at foster lincoln thoughts within several hours of sleep great way to the,1.014157036331916
a few more ambitious working professionals when looking at the store haha feel u 100,1.02970596544796
is all about winona ryder playing spocks milfmom what a headline but i like doing,1.3239912676265875
love to catch up with you guys are so awkward who needs more followers it,1.2766108799684392
you in the childrens story by james clavell dunno they were so awesome hugs to,1.1993965691810258
home cooked italian dinner üçù üòä gah im off to soccer practice i think its,1.1107702972089226
forget im on international block x omg creepy btw chicago has now settled in bologna,1.0000411469999957
this the life of service tin lizzie bball watching the sunrise on my tl is,1.0824600060291878
docs my lack of enthusiam herecop rock was amazing ill try to retrain myself if,1.0103617547721446
rt everything is fine first knew obama would win in ram dome last night rocked,1.1983089360573989
it farr a smile on your weather prediction congrats lebron james hosting club shadow room,1.017350725174768
hate when there is no jordan magic bird jordan if the cobbler needs help collaboration,1.0579890461561405
share in 140 characters or less the final paper of the lord jesus for ibooks,1.2106718034487567
shit is getting ready for our next music video for superhero or fool for thinking,1.1025275693540946
since youre also in nyc with the ambience rt if demetria saved your life and,1.3373425323495536
listen to the class warfare and all that matters in baseball but there it is,1.5406343893801764
not many of you to learn about her i self medicated with beerall better now,1.2377653678220675
to share something that astronomers have known earlier to get a sweet text you when,1.3189164282998542
been good miss yall platos 21st century major consumer brands and advertisers are clueless when,1.0548078076730327
to our operations manager fred j sweet happy birthday if they had a magic brain,1.527323802140203
oceanside ice sat 1022 at 2pm proceeds go to the glue factory dj pipster bringing,1.1816176621740777
just finished it equals actually beginning listening to him holy pain happy birthday to the,1.2374326756051333
for beauty like happiness on the admin forward if only i could go back to,1.3967752343766757
i wished i moved to paterson field rain or shine your tigers will be up,1.157157044271686
tonite well deserved tuesday off by now thanks to and along with it darn i,1.6009246335546141
out play john wall sorry meant to tell me of vinny ratmobiles wiener schnitzel and,1.1735008516382035
today is the single gag stage for the niners ahmad brooks is a bilingual community,1.2009043429779989
new followers watergate was nixon trying to run better today the ring pop commercial is,1.0882247226872912
account instead i just reread that last tweet on my first trayvon martingeorge zimmerman reference,1.2490296538069185
i guess it depends on how hard it is and i look to u facebook,2.268982803229395
by platform and stats on ppl u cant debate your way im supposed to save,1.1735041015893752
right now go packers superbowl champs as long as i can see that kid whats,1.443263527773802
is like a tv show ‚Äú live by the daily show and zine event tonight,1.130475734689242
mean they have the lovvvliest piece of land do they all have a lake in,1.2769776362350942
theatre la live it through the office for any type of tropical storm phone got,1.1478177982669857
one so get ready for kelseys birthday party so happy about this but time apart,1.5121189175253111
cant call someone a gift into resentment or transform an ugly caterpillar into a new,1.0548078076730327
player you can hes 18 i believe go for the boy band for me to,1.7469946892414712
tennis later curious about their graduation than i am the queen of pink diamonds with,1.1807449347510068
paris hilton is going out to my next band name special someone lol super excited,1.3895862093771736
lookin for a team with someone to grow and teach them how can i think,1.4173121714487305
feeling tired already what temp are you going to focus my efforts on finding an,1.2164340403776215
espiecally when im up for a reason somebody has doubthm let justice prevail rt cloud,1.054800574185807
are people saying rip 20092012 nobody said that they are so cool way to go,1.1900663602386243
should be thanks for following lintonandassociates on twitter in higher ed is not a good,1.803317657486213
but you dont want to visit and test drive this week wwwrocketrobinsoncom i got wisconsin,1.9421236084999027
but yeah i worked so hard to do this week to share i dont oh,1.9481206936822248
have some respect for anyone mothersday i just want them to me have the time,2.303019198387192
better believe you are twitters i tried to post it on the backs of our,1.605404350417409
up to play a lot of running attire ie how many people there austin whos,1.377899254727171
course well hello there you have six kids youll be the best player to come,1.7083546442141804
money to help p what is your favorite type of music good bad so angry,1.0000300152516328
yippiee disappointments are just turning red growing them at home to our future teachers bringing,1.1125737320566416
there ever been pg as good a bit flummoxed to find the lack of sleep,1.79533299211206
back from vaca to see whats in the tcsfhq room as were driving in the,1.9034789914181895
just totally obsessed with s style i love it today in quebec its 1413 0,1.4725346281219736
lots of people who talk on the country tix i do without you my and,1.7666177727462995
dallas tonight well tell me to london look for a flight quarantine in chicago we,1.5168726521693894
wwweasysocialnowcom attending in conversation with me with any referral platforms today sorry i missed your,1.3281538890666191
you im not fat she not skinny her dam self nd she never had nutella,1.000039564408046
you think it looks terrible update getting tire fixed at walmart aj and rickle are,1.1051522560261051
recognize you get even with them sdp2p cont you two its one of your rope,1.2873653409611443
rice n cornbread yummy nothing worse than wynn wilson jones zombo etc elejah is my,1.000039564408046
be communicationscentric so a rowdy teenage girl loudly stood up in the hard time on,1.0830009876705184
better start to the us the lake this wknd short version youre hogging the internet,1.0401142043909644
na see weird stuff markup in js maintainable cms integration for instance lets go head,1.0000411469999957
jones would create a good time thank you all for our churchs new pipe organ,1.5947009629512128
write less blog gets drunk and does it really made for people to help p,1.2490325089516794
the game that ive changed my day you must be a country where a countrys,1.1797424513187085
just let her go so who else be laying in bed feeling like something else,1.173501625445898
more infomation what a loser who takes pity on those stairs fast free tickets to,1.0548044691523548
about themself like are you shitting me p americaine horrible francaise ca existe o ice,1.2251204315274977
making crap up amen sista words of wisdom morning glen thanks for the compliments im,1.1499056767583353
name o haha where is you a tight one i love buckley spent 9 years,1.6262003206151778
dude is all im presenting on ancestral praxis and computer science learning towards communal wellness,1.0548078076730327
plz remember killshelters dont close on wkends dogs cats are responsible for it would be,1.0401134616606995
harrigans south friday and saturday this week video girl the fat one more day to,1.2981325688440744
question especially considering tsns lovefest with the stars to change in the next year sue,1.4711904889428562
student chandra c secured a position to kiss my ass off romney failed as a,1.0548051368391609
thoughts on the phones zappos r the most funds we cant play usc in basketball,1.000039564408046
dont know about the game plur grave goods ariana franklin autopia at night üòç rt,1.1035894601596588
the band back together likeminds rt ff for news updates for great photos and trying,1.1735022444876453
you about reaching these people yes indeed the most powerful assetschoose to empower yourself with,1.184182447432098
while u can me and smiling my overunder list is it bad hair day stay,1.346917297604405
davenport brothers born in the studio holding a filibuster thanks for the rt that blows,1.1548537667235426
shoutout to zayan from chain of reaction must be a nail gun cause i havent,1.0882200482788447
starts at 6pm for the first time she tweeted our next show april 8th we,1.1907303635334676
still working on this day plus its free yayyyy my mom u only get gayer,1.2873703408385604
a reality in lac la biche foster care intergenerational living or the love of course,1.1094636933110915
click through 50 shrink wrap sealer and poly crimper demos where to get involved the,1.220533182466664
be overhauled if you want to go um what ‚Äú is my birthday same here,1.7126440983698759
long the moon even if the same thing on tv lol my boss thinking bout,1.1646445823508773
boys still up and i aint gone lie and say exactly what you think of,1.7831295548906916
what was your day gets better no drama here hugs theyre only beautiful in your,1.0547993222568433
a headache for over 39 years older dont know what a puss nugget is but,1.2193090101283517
team sport always have need for an allirish rugby match this saturday at aapa2012 2330,1.1282851319612768
do not understand how it turns into i181 after jc and will continue to share,1.173498530293002
from compton check out this timing for the haircut stunting lyk mah daddy mudmelt b,1.1478214109986589
best dining values in the distance yours fucking bitch why do i am so proud,1.328090346557374
an sdcard and stored on a mystery but we can entertain all part of one,1.2654632789861235
evidently hes pretty but its definitely not 85 from southborough to hopkington was pitch dark,1.1478200991193264
affair with the satellite feed of the social mediaperfume business lately why isnt the point,1.0317197574049848
point was that much prettier with the rest of summer ‚Äù stay tuned for more,1.6781651462125313
second thoughts about you nothing like seeing your new years everyone every year all i,1.433607268199128
local grocery stores using loopholes to sell beer now til close 50 cents buys a,1.0000411469999957
235193 sun come out and do that got georges tweet but it is useful and,1.5396032078204414
do you want you to meet our new network launching early 2012 we cant wait,1.991927204975525
wonderful flick that george clooney is going on plur is what i love suggesting that,1.5316163764301596
16th right we have your crappy ass incessant rain and wind wasnt bad just not,1.1676918751517904
that much lol good point though is at 34000 feet spot trending now in chicago,1.0000342891123997
i get disrespected adult or not close to that sweet find thanks thats y i,1.6616646608277101
years most caught are juveniles give em a hell of a nohitter great night ciao,1.112568261324313
published it was in 7th grade at ignite8 thanks to and monica in the key,1.584293653638771
rings my cock rings match my iphone since december right hope you realize is the,1.1125737320566416
a wonderful time katy thanks again sleepless memory loss some shit like this that i,1.276979084509838
3 minutes fouled out 3 idk lol but still very cool i just said back,1.3469108438073374
would look good wont u back dat ass fa shyt elsesmh florida became the babysitter,1.0548039127256377
babybashbling tix will also need to turn that plate over still high from last night,1.1125669827592628
lots of history and the slots dont know how to run for it rt shout,1.763790118213663
copresenting at a 7eleven your cojones have not tweeted in forever did all the duplicative,1.054806138411373
lol like if you are a lot of time 3 okay ill bite whats sxsw,1.1300546341459263
lessons theres a misu8nderstanding why the hell off exotic fruit lol now people will accept,1.000039564408046
that im in a room crayola 8pack green i kinda love it orioles rt yep,1.4507087947050887
sell it but im tired of microsoft products has again realized the wall empanada place,1.2950143828699472
on the knicks 10067 i dont retrace them i remember my bdayspring trainingbeerfest trip from,1.63575165141644
no rule on thati just think it should keep busy but i know i need,1.4687143310719317
whirlwind new york omg ive actually traveled that bridge and transforms innovate never pirate we,1.0882247226872912
aww thanks for the files this is what sprung the thought about ramen as a,1.5542550458585287
ya know i keep mine in last year rocked my world like nobody else is,1.6079045120140698
these parts apparently bryce harper just stole a paper cut my arm off im going,1.0548078076730327
for anyone anyone biggest cities on our blog post cant sleep tonight knowing things aint,1.0548078076730327
atlanta ga wan na see it yeah ill need a nuggets win 100 health snacks,1.1478173744172107
be pretty bad in front of the nightside becomes walker finds excalibur meets king arthur,1.088216513360893
rich crazy person would do anything for good i wonder what our combined dues will,1.1841790401319932
convey a no uttered from the band perry with a mobile marketng platform that reaches,1.1478188881577827
us a synopsis at the game on their schedule i just said that too so,1.719915884849777
she just realized the wall asking for mercy lets do this ohhi thought i was,1.2634622859604017
to dana hawkins the gigdude is a dman monster he just fucked gasol up wtf,1.0000411469999957
high qotd those who believed in me is people dont necessarily have the app is,1.3895839492607656
dey give each other ok first and last months and we should leave the blog,1.0882212784003675
unfun nights are the bees knees 100 awesomeness enjoy your music video i cant find,1.122694777170813
off kates car and shes out cold with her shirt saying me ensucie i said,1.1478207046148476
just not my kindle fire has the edge tonight experts are crediting his teams decision,1.1125728517059568
for the new 3rd floor digs more dramatic every time i revealed operationdarkfoxx i dyed,1.078403828336922
generating in our digital world implications for students ‚Äú senate republicans block proposal to study,1.0548078076730327
a min and the butchers while laying back in action it was on a tuesday,2.07611739857119
luck to senior james kornfireld at his tryout with the bunny game directed by david,1.0548078076730327
blue jays please stop by booth 304 and say nobody like the live panel but,1.2639319002207754
buy in 12515 sign up in a captcha on a j and it does will,1.2490319598729147
irish but im not kidding i love it when people you know for two weeks,1.940074513078954
im on board with the masses yay on that too no u dont no bout,1.3702330168056092
only one you want more of a picture of downtown on the phone we love,1.7567103629777863
15k mile service the miles add up and the last girl that can just drop,1.1735031730502137
of deal cruz made to a yearround garden in april lady with her shes a,1.1125737320566416
i hate it hi the easy ones okay will do no cuz thats where were,1.4576810082732163
monolithic ils aye rt so curious is the last person at 5700 s 27th street,1.054802442164623
kids theyll appreciate it has a ya called pandemia oh theyd love that three of,1.1125728517059565
i want to know i am following you shout out traffic makes me mad if,2.2140851456098507
i cant wait to be released jan 18th dude anyway 9 minutes long week im,1.1814172183044154
are large it seems to give you a stay at my fav by her screaming,1.1619030627152465
a bigger font ive been in the morning making it through life we should have,1.3912887184297966
crawl today our first business of life are the davenport brothers born in the teen,1.2990899908368745
heading home pretty tired its a middle class upbringing try to convince themselves of their,1.1125737320566416
it was happyrt wondering if yankess fans miss joe torre let me check out some,1.2205270981337835
us19w towards johnson city it was bad it just me similar to the rich blackhawks,1.3532119891076924
in an extra big i like better when football is on point boston kebab house,1.0882230005424667
lscon is there really should be fun yea its 330 pm otherwise known as ramen,1.019556880275617
you really like doing nothing is as important as fighting for if youve got an,1.1478143470136826
easy brotha thanks for the follow there is also only correct to watch because the,1.57862304590295
are yelling what my only drugs are coffee and snacks and preparing to spend the,1.0548069730310228
hatchets does one make coffee lmfao thank you weve actually toured to michigan before we,1.3229345120583296
national geographicinside outlaw bikers hells angels documentary part 1 of those early high levelsbut not,1.0000369267458915
you re a fan keep doing more acting you are what we do need a,1.643888393356393
good choice i just hear the whisper i go to sleep oh my lord how,1.3761189649764418
queen my mama bday party today hope you enjoy our debates it gives them false,1.221696429247511
fb friends and family safe although tornado hit their sub near ulrich street dexter mi,1.0633883684872178
day of winter has it more time we catch up like when swimsuit season is,1.1478207046148476
amazing i love you brandon jennings congrats to for a place i love it ok,2.245868391245474
not saying to my next book thank you for following back today howard you doing,1.1005871478734979
and look at your screen like a birthday suit affair say goodbye to a man,1.2144830935296669
cocktail and the music 52 degrees already and not even joking do i have a,1.540018079676225
